# Two application slots, so a sensor can be updated without a cable.
#
# nvs keeps the offset and size it has always had: the one cable flash that
# introduces this layout must not cost a sensor its bond, its pairing code or
# its configuration, all of which live there.
#
# Name,     Type, SubType,  Offset,   Size
nvs,        data, nvs,      0x9000,   0x6000
otadata,    data, ota,      0xf000,   0x2000
phy_init,   data, phy,      0x11000,  0x1000
ota_0,      app,  ota_0,    0x20000,  0x190000
ota_1,      app,  ota_1,    0x1b0000, 0x190000
